{
  "prefix": "!",
  "notificationChannelId": null,
  "verificationChannelId": null,
  "youtubeChannelId": null,
  "youtubeChannelName": null,
  "roleId": null,
  "roleName": null,
  "verifiedImages": {},
  "premium": false,
  "welcomeEnabled": false,
  "welcomeChannelId": null,
  "logChannelId": null,
  "announcerEnabled": false,
  "announcerChannelId": null,
  "gameEnabled": false,
  "giveawaysEnabled": false,
  "pollsEnabled": false,
  "gameChannelId": null,
  "embedTemplates": {},
  "antiNuke": false,
  "antiNukeThreshold": 3,
  "verificationRequired": false,
  "autoModeration": false,
  "punishmentType": "ban",
  "whitelistedRoles": [],
  "imageVerification": true
}